"id","name","country","state","city","address","zip","email","phone","currency"
"4126494871","Leuschke, Sanford and Weber","US","MA","Delphine","53735 DuBuque Loaf","85667","virginie1945@kilback.info","376-888-6149","USD"
"1945790520","Mante, Wiegand and Kutch","US","WY","Lake Lillian","44 Lehner Bridge","31054","will2028@pollich.org","(424) 949-6807","USD"
"4398724109","Rosenbaum and Sons","US","CA","Altenwerth","5 Yolanda Tunnel","15587","halie_conn@quigley.info","(558) 802-0887","USD"
"4504262614","Kessler-Murray","US","GA","Aubree","4113 Bechtelar Prairie","01581","jalen1999@rath.biz","244-391-4809","USD"
"1570985596","Russel Inc","US","OR","West Verda","2423 Hoppe Heights","56610","adelia2091@gerlach.com","742.782.0171","USD"
"2100921924","Stiedemann-Schultz","US","TN","Lake Delores","2 Jast Mountains","06955","seamus2069@heller.info","(828) 723-2484","USD"
"0845283642","Ryan-Bednar","US","NV","Maxine","56 Schmidt Isle","77818","savannah.stanton@robel.net","760/249-4604","USD"
"9175089475","Turcotte and Sons","US","DE","Breana","3 Marlee Squares","71517","dallin_lind@crooks.net","2444290633","USD"
"8165034138","Altenwerth, Kassulke and Metz","US","AL","Bobby","2279 Rick Mills","45858","casey2007@mclaughlin.com","(588) 537-7928","USD"
"5283131246","Mohr, Bartoletti and Moen","US","VT","West Stuart","465 Sigmund Locks","78365","darien1992@kris.biz","(883) 408-4561","USD"
"8546948631","Cartwright-Gerlach","US","WV","East Reyes","170 Miller Gardens","57841","maxie1968@jones.net","709/604-4895","USD"
"678755995X","Mann, Torp and Zieme","US","ME","Dickens","05 Trey Branch","87467","rashawn1942@reinger.org","3193332168","USD"
"575842904X","Stiedemann Inc","US","MI","Ferry","1715 Crona Dale","11742","theodora2012@stoltenberg.name","955/809-0566","USD"
"9074460550","Ankunding Inc","US","SC","Hartmann","98139 Dejon Orchard","11647","ezra1920@jones.info","938/983-4976","USD"
"188354128X","Russel Inc","US","WV","Murray","98 Beatty Locks","60235","norene2094@swift.biz","258/715-1311","USD"
"0204612608","Ullrich, Davis and Klein","US","SC","Barton","816 Franecki Turnpike","06975","grayson2090@feeney.name","4076926633","USD"
"6594899589","O'Conner-Littel","US","KS","New Madalyn","67011 Davin Valley","94366","conner_greenfelder@schaefer.biz","4059356196","USD"
"2665437007","Zboncak, Gutmann and O'Reilly","US","SD","Schuster","5229 Ryder Summit","35393","josefina1901@lockman.org","5653066215","USD"
"1796584444","Donnelly Group","US","NY","Wolff","8 Waelchi Views","18667","jacinto_mohr@ryan.com","(619) 276-9382","USD"
"6325696638","Hudson Group","US","NJ","North Dariana","03 Bogan Fords","45677","sarina.koch@hermann.biz","5104712388","USD"
"7195087239","Luettgen, Steuber and Runolfsdottir","US","CA","Mann","4070 Yundt Trafficway","50738","timothy1987@ankunding.org","(336) 304-0941","USD"
"6251948426","Carter LLC","US","CT","South Lauriane","510 Amber Parkways","25774","zella_langworth@langosh.biz","(283) 644-5238","USD"
"6267195775","O'Keefe and Sons","US","HI","Kunde","4 Otto Path","99018","titus_larkin@buckridge.name","(236) 831-3911","USD"
"9582959789","Pacocha-Bode","US","DE","Emelia","4738 Baumbach Ridge","51745","emelie.hammes@bergnaum.net","935/651-1676","USD"
"6525034213","O'Hara LLC","US","CT","East Johathan","607 Adelia Manors","10288","matilda1994@koelpin.com","(384) 581-8272","USD"
"9000435986","Lang Group","US","CO","Port Raina","74403 Ziemann Station","32108","christophe.spencer@nicolas.com","(610) 285-7123","USD"
"1789664489","Harvey, Terry and O'Reilly","US","NJ","Gardner","7 Virginia Common","65213","brant1996@powlowski.com","611.931.6545","USD"
"1009328549","Kiehn, Walker and Boehm","US","GA","Lisandro","397 Hackett Ramp","40891","alejandrin2030@friesen.biz","909-962-6791","USD"
"0072208287","Shanahan-Price","US","AK","New Brielle","56603 Kemmer Ranch","46573","mina_wolff@hintz.biz","769-802-3152","USD"
"2364227364","Kassulke-Buckridge","US","MN","Greenfelder","3 Tiffany Springs","97473","kaylee1950@morissette.biz","664/746-0186","USD"
"5775229835","Murray, Corwin and Champlin","US","WA","East Rasheed","250 Aliyah Plains","90947","lempi2022@kunde.name","(783) 809-1860","USD"
"8639730903","Farrell Ltd","US","TX","New Renee","38889 Greenholt Trace","98950","daphnee.harris@miller.info","(924) 809-6245","USD"
"7617358172","Wolff Inc","US","LA","Sanford","21354 Moshe Spurs","21032","alphonso1930@reynolds.net","(583) 783-7495","USD"
"1183005229","Veum-Schuppe","US","OK","South Evie","172 Marquardt Summit","97372","garnett1939@wintheiser.biz","373/514-9892","USD"
"0062514717","Gottlieb-Muller","US","NE","Samantha","42676 Jacobson Flats","78051","jeremy1900@dickens.net","3815066646","USD"
"4935155078","Predovic, Grant and Goodwin","US","HI","Gulgowski","249 Autumn Unions","47681","foster1962@stroman.biz","473.861.3604","USD"
"8435260836","Langworth, Conroy and Nitzsche","US","DE","Zboncak","402 Reyes Mews","13777","lenna1900@okeefe.info","5673562203","USD"
"0058612866","Hoppe Group","US","AZ","Bartoletti","64114 Viola Locks","02359","malcolm1903@maggio.com","(824) 829-1748","USD"
"4519210224","Herman LLC","US","OH","Jackson","840 Gulgowski Via","32388","dock.olson@konopelski.name","6077123703","USD"
"2337760820","Bins, Fadel and Cremin","US","AZ","Jesse","25 Emmerich Underpass","95637","mina1901@altenwerth.info","345/266-4671","USD"
"328615900X","Ritchie-Larkin","US","WI","South Gilda","7137 Carson Field","66801","brice.connelly@fadel.info","503.904.9062","USD"
"8222484982","Nikolaus-Bechtelar","US","ID","West Emmet","3098 Herminio Manor","50808","maria.adams@sipes.net","(758) 783-9900","USD"
"7795176690","Sauer-Rosenbaum","US","MA","South Sandy","85 Crona Pines","40614","wyman_bashirian@funk.biz","910-418-4230","USD"
"8025863603","Monahan-Stiedemann","US","AR","Kacey","04 Edna Motorway","74990","maximus2068@maggio.org","(876) 906-2085","USD"
"2751832857","Jerde, Leuschke and Boehm","US","TX","Olin","2 Welch Haven","03273","billie1948@champlin.net","628-635-7553","USD"
"233158172X","Nikolaus, Tillman and Nader","US","ME","New Walter","4 Kshlerin Court","29448","america.fay@block.org","(282) 734-4126","USD"
"3292610990","Windler, Rohan and Pollich","US","AZ","Port Danielle","6674 Camilla Estate","65766","deven2025@mosciski.net","413.802.1680","USD"
"5494164861","Hansen-Bogisich","US","UT","Hulda","7 Rath Lock","34259","gerard.tillman@heidenreich.info","5405272062","USD"
"6682095392","Moen Ltd","US","MO","Rick","043 Labadie Knolls","18845","trenton1930@jerde.com","816/251-1187","USD"
"9773496139","Rogahn Inc","US","NJ","Heaney","629 Jackeline Squares","21723","kamren_schoen@ritchie.biz","903/978-3134","USD"
"222780596X","Aufderhar, Ankunding and Cassin","US","SC","Randall","759 Cassandra Place","09441","ottis.hahn@mosciski.com","7738642519","USD"
"8709151230","Wintheiser, Haag and Trantow","US","AZ","Kris","95766 Legros Ridge","49022","crystel1936@walsh.name","(627) 823-7367","USD"
"1750583690","Hahn-Kuhn","US","CA","East Hattie","95 Haleigh Brook","17645","cathryn2091@klocko.info","330/595-6437","USD"
"8202309654","Lueilwitz, Lang and Roob","US","IN","Reynolds","42 Marjolaine Vista","62872","lemuel_rice@spinka.biz","204/781-2965","USD"
"714418427X","Keeling, Johnson and Jacobson","US","TX","Ledner","999 Renner Road","93410","jefferey1940@langosh.biz","(647) 396-8589","USD"
"1303431246","Cormier LLC","US","NE","New Tianna","360 Rosella Streets","04096","johanna.pouros@bauch.biz","748.703.9265","USD"
"9782701106","MacGyver Group","US","DE","Tobin","86299 Lind Lodge","64526","pedro_crist@koch.info","483.735.8869","USD"
"8506341698","Reichert, Russel and Kuhn","US","AL","Vada","044 Addie Wall","33013","jack.blanda@nienow.biz","3573414060","USD"
"3752102764","Bashirian LLC","US","DE","Port Melissa","51 Schmidt Mission","07960","orin_gorczany@larkin.info","374/945-1468","USD"
"3280782368","Metz Group","US","OH","East Ona","8678 Yesenia Gardens","47762","tre1940@jakubowski.net","823/628-8433","USD"
"2976285608","Becker-Williamson","US","TN","Wehner","18 Janie Point","95151","zula2001@hayes.info","8799322200","USD"
"5349376543","Macejkovic LLC","US","HI","Candido","1 Rosie Meadow","38728","jaime1901@bartoletti.biz","339-928-9905","USD"
"3573519741","Schmitt LLC","US","ME","Port Gerald","59 Daniel Knoll","79895","maymie_green@green.org","228/789-6361","USD"
"6817858453","Hyatt, Conroy and Bogisich","US","CT","Hilma","2597 Collier Curve","56737","marquis_christiansen@harvey.info","(704) 318-2411","USD"
"2655023196","Bauch Ltd","US","WI","Freida","21802 Leone Pines","34051","annie.stoltenberg@jast.name","530-553-7860","USD"
"4263346661","Quigley-DuBuque","US","AZ","Kautzer","6 Koepp Fall","28129","harry_dubuque@mann.info","782.697.7753","USD"
"4765963705","Boehm, Cummerata and Feest","US","GA","North Reuben","0 Streich Summit","40662","allison1902@runolfsson.net","886/396-0440","USD"
"4729510267","Wisoky-Dare","US","OH","West Tanya","997 Sawayn Glens","52569","crystal1959@reichel.com","(616) 285-1518","USD"
"2049458568","Gulgowski-Hirthe","US","OK","Jenkins","84825 Roob Pine","97100","myra.ortiz@dach.info","(857) 431-7206","USD"
"3761448228","Friesen, Wisoky and Swaniawski","US","MT","Lake Carolyn","020 Samara Fords","00397","alvis_weissnat@cronin.com","6397558799","USD"
"3374640834","Aufderhar, Spencer and Harvey","US","NH","Port Fern","7 May Burg","08080","delia2023@hintz.net","(507) 469-0484","USD"
"4800880076","Koepp Inc","US","CA","North Amy","97349 Swift Cape","71880","esteban1959@schmeler.name","529-409-6533","USD"
"5530497306","Sauer and Sons","US","KS","McCullough","55928 Mossie Gardens","93229","andres1906@will.net","670/975-1716","USD"
"8684753127","Romaguera, Heaney and Miller","US","OH","Kemmer","6710 Davon Terrace","67857","millie.zulauf@wehner.info","8537064847","USD"
"3642494870","Orn, Ryan and Prosacco","US","OH","North Yasmeen","671 Goyette Ports","79458","eden2016@stiedemann.com","464/319-7085","USD"
"334733437X","Dietrich Ltd","US","WA","South Jermaine","2 Cremin Turnpike","16374","enrique.mcglynn@hoeger.biz","(281) 443-3741","USD"
"1630218448","Schowalter, Grady and Kris","US","FL","New Logan","256 Hand Club","55986","jovanny.kub@barton.name","423/595-3883","USD"
"9565020607","Murphy LLC","US","IN","Camryn","8468 Flatley Lodge","30592","anderson1916@dickinson.com","228/426-8933","USD"
"7410581395","Wisoky, Abbott and Ziemann","US","MO","Norris","8916 Erdman Ferry","13299","avis.feeney@pacocha.name","(917) 419-1945","USD"
"6024749775","Abshire Group","US","FL","North Shawna","4 Mozell Rest","38954","bennie1952@simonis.com","689-605-1382","USD"
"5162103403","Balistreri, Krajcik and Lehner","US","OK","Kilback","6 Belle Pike","47046","monte.koch@ebert.org","5528169932","USD"
"8210940201","Dicki-Johns","US","WV","Lake Daisha","0 Effertz Trail","38990","santino_rogahn@blick.net","503.981.9508","USD"
"3113011000","Schmidt, Deckow and Grant","US","SD","Murray","88 Harvey Hollow","19149","heidi1907@west.name","2002334137","USD"
"5354745799","Gulgowski-Brekke","US","WY","Lakin","48 Wisozk Ways","62792","rhea2063@hintz.biz","(635) 682-3205","USD"
"6084402798","Johns-Ratke","US","TX","Adell","0 Purdy Cliffs","76352","natalie.hammes@mills.name","(321) 989-4027","USD"
"4574136286","Heaney and Sons","US","AK","Parker","9835 Marcel Port","04035","zena1963@smith.com","(215) 925-2149","USD"
"064893862X","Aufderhar LLC","US","IL","Murray","6244 Greenfelder Mill","62106","sterling_anderson@kuphal.com","7479833377","USD"
"359150324X","Dibbert LLC","US","LA","Port Bert","28307 Kris Terrace","18372","lafayette2077@howe.name","331-582-0948","USD"
"8920941513","DuBuque-Turner","US","WV","South Cecile","950 April Corners","71394","bernardo1994@beer.name","289-254-7359","USD"
"6374444043","Dach Inc","US","KY","North Valerie","46314 Hazle Road","36551","elwin_kemmer@okuneva.net","511.435.1542","USD"
"4251695216","Cassin-Terry","US","FL","Kutch","17385 Mante Squares","87741","hulda1998@stracke.org","956-733-2150","USD"
"8830729647","Wyman Ltd","US","MD","Adelle","0337 Metz Stream","43866","audie_kozey@beer.org","210/823-4219","USD"
"1369486480","Connelly, Boyle and Hoeger","US","SD","Port Keegan","392 Tavares Center","73281","javier.lowe@bednar.name","958/562-0483","USD"
"2342142463","Littel Inc","US","HI","Milan","9 Name Forges","02070","lydia_fay@jacobi.name","688.791.4150","USD"
"8404607540","Schoen, Bogan and Yost","US","NM","Paucek","27 Ryan Manor","41085","clifton.barrows@fisher.net","9054421860","USD"
"640260867X","Fritsch LLC","US","SD","Marquise","727 Fadel Landing","67625","marjorie2067@cartwright.info","657-906-3209","USD"
"8219838604","Mante-Beer","US","WY","South Freddie","0285 Cronin Ways","60978","adolf.thompson@lind.info","918/867-4493","USD"
"9708101494","Doyle Ltd","US","MN","New Trudie","3595 Hammes Lodge","79454","clovis.hansen@moen.name","5453314112","USD"
"2071876431","Bashirian-Schulist","US","LA","Wehner","736 Bauch Garden","11243","luciano.schumm@carter.org","361.893.5480","USD"
"1879324822","Reilly Group","US","CA","McKenzie","2414 Heaven Forest","99689","king_satterfield@kutch.name","357-818-3285","USD"
"8186754245","Harvey, Ernser and Gleason","US","UT","North Viviane","2675 Reid Overpass","10606","blanche.mckenzie@krajcik.info","520-848-9263","USD"
"0839589603","Prosacco, Beer and Feeney","US","LA","Cloyd","2885 Mann Fall","06418","jerald1949@mclaughlin.name","573/278-1351","USD"
"8664008566","Ortiz, Rosenbaum and Dooley","US","WA","East Manuela","1896 Mariano Lock","03161","hosea_hermann@herman.org","(523) 252-5308","USD"
"3131450924","Wolf-O'Hara","US","IL","South Chelsey","9 Hallie Creek","52338","sylvia_carroll@erdman.org","(204) 261-8637","USD"
"8916248043","Howell, Reichert and Greenholt","US","NV","North Deangelo","0 Carter Pine","52277","jasmin1998@oberbrunner.com","3319955569","USD"
"9017426403","Rice, Harris and Bartell","US","HI","Clovis","3 Michel Square","60212","alberta.balistreri@eichmann.info","801-796-1624","USD"
"7285227307","Hand Group","US","KS","Lubowitz","52034 Kenny Mission","88662","sofia.champlin@kassulke.info","223-607-8401","USD"
"9927547501","Lakin-Oberbrunner","US","VA","Ivy","15 Callie Avenue","74573","amalia1945@kirlin.org","868/584-3757","USD"
"1444237268","Bayer, Kunde and Quitzon","US","WV","East Keith","7324 Lavinia Divide","06898","mellie2006@douglas.name","584-964-3256","USD"
"8572301518","Schultz Group","US","MD","Deondre","5 Fausto Freeway","19992","cassandra1963@halvorson.org","289/834-0654","USD"
"8411227316","Rempel-Littel","US","SC","Oran","899 Addison Causeway","71925","stanford2015@gislason.org","314.316.1201","USD"
"7302262314","Okuneva-Heathcote","US","CT","Ottis","15 Bernier Terrace","98731","roy.quitzon@kozey.org","964.847.3711","USD"
"5415660453","McGlynn-Schinner","US","MA","West Herbert","0866 Alexys Plains","98619","brianne_marquardt@romaguera.net","5397881031","USD"
"799608629X","Swaniawski, Dicki and Nolan","US","OK","Cordia","00 Larson Spur","25253","dedric.torphy@quigley.net","(663) 676-9239","USD"
"397182076X","Murazik, Jacobi and Reinger","US","NE","Cronin","7 Edythe Forge","02044","mafalda1985@rice.name","471.323.3164","USD"
"3110404699","Muller Inc","US","KS","Erling","174 Camron Junctions","79036","gia.lehner@wyman.com","916.365.7665","USD"
"2432075021","Becker, Hudson and Rau","US","VA","Lebsack","4 Bettie Cliffs","51431","peggie1942@effertz.net","7834925619","USD"
"4537512946","Dietrich LLC","US","GA","Schmidt","6177 Bogan Stravenue","27091","lenore_bergnaum@grady.org","241-801-6999","USD"
"886431217X","Mohr, Kilback and Gusikowski","US","IL","Bailey","7130 Daija Stream","29357","kristoffer2097@spencer.info","600/443-9061","USD"
"0501756272","Hettinger, Jacobi and Sipes","US","WV","Clinton","177 Spinka Courts","80323","dayton2072@haag.com","(548) 737-2375","USD"
"6809621555","Parisian-Hammes","US","CT","North Bill","3677 Althea Mill","27060","aditya1974@farrell.info","315/341-0828","USD"
"403459490X","Bosco-Goodwin","US","ID","Port Judge","601 Myron Island","40856","bradly2095@becker.biz","(744) 872-2059","USD"
"0729328279","O'Hara, Yost and Koss","US","KS","East Garnet","25043 Torp Locks","81057","mertie.russel@lindgren.biz","(735) 719-7464","USD"
"2452224855","Brakus, Bernier and Thompson","US","MS","South Heather","413 Jacobi Crossing","47952","reginald_wiza@moen.biz","8666876772","USD"
"4187567976","Mayert, Fisher and Gibson","US","OK","Freeman","62 Paucek Loaf","60483","jairo.daniel@schowalter.org","346/713-8738","USD"
"2574487028","Murazik Ltd","US","CA","Lucie","517 Kirstin Bypass","20618","giles_mclaughlin@corkery.com","5662759807","USD"
"2297310595","Balistreri Ltd","US","NE","Lucinda","5 Colby Vista","97474","adelia2074@windler.net","8013943945","USD"
"1918123462","Runte-Ryan","US","MI","Dangelo","55 Gislason Manors","53963","enrico2029@stark.biz","514-547-0685","USD"
"6949732333","Prohaska-White","US","CT","Lake Oda","590 Ephraim Fork","37517","brenna1953@hayes.net","(485) 546-1225","USD"
"1453590552","Ullrich Group","US","ID","East Jalen","69 Kohler Radial","69358","judd1958@vandervort.com","(856) 891-0842","USD"
"8732241968","Brekke, Lindgren and Stark","US","MT","Lake Wilmer","38 Larkin Squares","18062","lucienne1965@cassin.net","(462) 863-8214","USD"
"7872734192","Hayes-Zemlak","US","ND","North Wendell","9 Wallace Terrace","86597","izabella1969@fisher.net","507-657-6524","USD"
"5607362833","Luettgen LLC","US","MO","Lisette","30684 Lilyan Valleys","39117","nico2012@beer.biz","506/514-5543","USD"
"2878560612","Price-Kiehn","US","TX","East Marietta","43 Karlie Crescent","92203","rosie1985@okuneva.com","(788) 545-8062","USD"
"1125450347","Koch LLC","US","NH","Barrows","5542 Martina Ridge","96767","darby2077@kertzmann.org","610-388-6749","USD"
"1569411077","Christiansen Group","US","ME","Abigail","104 Rolfson Square","84705","hans1979@schneider.info","(259) 281-3340","USD"
"0880386991","Douglas, Doyle and Steuber","US","IL","Glenda","02112 Norene Green","86728","belle2082@jast.com","782.347.7551","USD"
"3913520589","Paucek-Emmerich","US","WY","Port Kieran","8 Trevor Turnpike","63052","mose.williamson@yost.com","4503670190","USD"
"847523805X","Gibson, Torp and Ullrich","US","OK","Port Elroy","8121 Barry Green","22680","miguel.quigley@franecki.com","(920) 378-0531","USD"
"1142618900","Parker-Halvorson","US","NY","Keanu","63852 Schmidt Skyway","58846","marisol.nienow@stroman.name","9145559416","USD"
"713562159X","Blick-Murazik","US","NY","North Geovany","0205 Ward Corners","42687","faustino_ratke@becker.name","547/959-6701","USD"
"9793920203","Kris-Oberbrunner","US","ME","Heller","44 Greenfelder Bypass","79612","santino2061@stracke.net","706.404.2662","USD"
"8223786362","Altenwerth-Weissnat","US","HI","Vella","68141 Michael Plain","12652","brendan_waelchi@windler.com","(209) 459-1719","USD"
"7662944824","Carroll Ltd","US","CT","Winston","60684 Rice Center","52439","claudia1906@jenkins.net","(236) 838-0748","USD"
"8646915972","Hartmann Ltd","US","MO","Zemlak","80 Jacobson Brooks","37125","randall1949@mcglynn.net","588.786.5532","USD"
"1203534884","Kutch-Sawayn","US","IL","Lake Pasquale","66 Dennis Fall","59378","ernestina_rau@tremblay.biz","702/964-6317","USD"
"7974376406","Ritchie, Hahn and Barrows","US","MI","Waelchi","409 Pouros Estates","82501","arjun_willms@kemmer.net","4679844730","USD"
"1383696500","Renner, Leannon and Adams","US","MA","Sawayn","5050 Dedric Shoal","96933","jesus.schiller@bednar.net","689/436-8113","USD"
"8249374649","Greenholt-Wilderman","US","ND","Krajcik","54 Howell Mill","36374","alanna.erdman@halvorson.name","285/442-0541","USD"
"0717208664","Considine, Weissnat and Metz","US","CT","Port Tommie","13137 Eleanora Spring","86621","alessandro_steuber@renner.com","7566771972","USD"
"0633594334","Becker and Sons","US","WA","East Vesta","92 Jean Way","33157","yessenia2039@runte.name","434/459-8067","USD"
"4522722559","Stanton Group","US","AL","Port Uriah","80 Renner Fords","12063","julie_little@strosin.org","3765146908","USD"
"267234776X","Crona-Heathcote","US","OR","New Merle","685 Mann Divide","53696","mylene2100@grimes.com","(872) 374-3246","USD"
"1982243422","Connelly-Feeney","US","NV","Lake Sonya","63 Isabelle Bypass","70903","leon.yost@johnston.biz","330-202-8662","USD"
"9747453851","Sanford Inc","US","PA","O'Keefe","158 Roma Track","89743","hertha2020@gutkowski.name","(853) 887-2390","USD"
"675699610X","Kreiger Ltd","US","CA","Grimes","4176 Conn Unions","63278","rogelio1974@johnson.info","356-269-6874","USD"
"2547020599","Haag, Bergstrom and Walsh","US","WI","McClure","7 Ottis Trace","19510","yasmeen2035@kub.net","769-726-7886","USD"
"7654525397","Kessler, D'Amore and Fisher","US","MT","West Jessica","3200 Lane Terrace","02458","ashlee.upton@huels.org","(305) 585-0101","USD"
"0634767275","Reynolds Group","US","ND","South Retta","776 Pasquale Causeway","53617","briana1956@mcdermott.com","983/475-4976","USD"
"2715679017","Herzog, Kunde and Strosin","US","TX","North Ahmed","473 Dickinson Well","53951","mina_stokes@durgan.com","737/799-1387","USD"
"6717234997","Bashirian LLC","US","NC","Bernier","96 Euna Port","94478","cali2077@upton.net","7798041226","USD"
"7284235179","Kunde, Hagenes and Haag","US","NM","Johnston","0 Lavon Pines","03370","jillian1988@bradtke.biz","(434) 775-6501","USD"
"4176468815","Schneider-Willms","US","AR","Lonzo","1 Quincy Ridges","13170","kellie1988@heller.info","6427552544","USD"
"8136371083","Botsford-McClure","US","UT","Gislason","486 Hauck Vista","32056","esther2005@bauch.net","229.838.7592","USD"
"1605665886","Bergnaum-Lakin","US","WI","East Cathy","33965 Angel Harbor","92246","rafaela.howell@farrell.biz","969/868-8683","USD"
"8529520491","McDermott and Sons","US","HI","Koepp","71 John Shoals","53430","eliseo1915@ruecker.com","4588615966","USD"
"130951433X","Stroman Ltd","US","OR","New Tanner","250 Allie Radial","59656","ezra2084@veum.com","959-204-0716","USD"
"0864104898","Beier-Corwin","US","MD","Mekhi","1346 Janiya Radial","62904","jeff.treutel@wunsch.info","332/905-8595","USD"
"0330780409","Schumm-Huel","US","IL","New Lucinda","6747 Rory Lodge","05962","ubaldo1978@kerluke.org","659/291-4124","USD"
"2496449216","Williamson and Sons","US","NV","Julie","917 Blanda Crescent","58624","alden.hand@kunde.org","9379859893","USD"
"5490948604","White, Torphy and Bode","US","HI","South Leif","49815 Rosemarie Springs","25491","roxanne_gislason@klocko.name","4812633893","USD"
"5194791038","Mayer, Kreiger and Keeling","US","ID","West Jacinthe","9843 Franecki Neck","71284","alf1934@kirlin.biz","558-651-0796","USD"
"3897839288","Jast Group","US","OK","New Caroline","1 Alexa Route","00974","adrain2010@kuvalis.info","(427) 603-8777","USD"
"1230282408","Deckow Group","US","SC","New Tyreek","6 Altenwerth Expressway","47773","andreane2031@lakin.name","745.625.5994","USD"
"7009295743","Padberg, Auer and Cronin","US","NC","Port Sophia","5894 Mertz Green","30820","llewellyn_tromp@block.name","954-409-5315","USD"
"9895897138","Kuhn-Braun","US","CT","Beverly","02223 Sabina Trail","24059","rodrick_blanda@jacobs.name","6333434529","USD"
"9402067558","Kunde-Daniel","US","OH","Fay","9 Schumm Port","78687","wilton_schiller@powlowski.biz","4695420210","USD"
"6750143954","Gorczany, Homenick and Sawayn","US","VT","Paucek","740 Hintz Manor","07101","beaulah_will@oberbrunner.name","537.302.9053","USD"
"4958323015","Sawayn Ltd","US","TN","Mitchell","6 Boyle Union","03555","arlene2097@bartell.org","8603099623","USD"
"2036487157","Fadel and Sons","US","WA","Bashirian","9347 Gerry Divide","59806","austyn1971@hahn.net","306.712.7120","USD"
"6556766852","Stroman LLC","US","CO","Arno","060 Hodkiewicz Expressway","71695","cory2089@okon.info","(867) 628-4230","USD"
"4883999254","Marks and Sons","US","IA","East Rubie","82 Stokes Causeway","69261","ernest.nienow@kuhic.name","348.223.2644","USD"
"1117480364","Mohr-Rogahn","US","SC","South Krystina","44 Brycen Road","10806","koby2011@rosenbaum.net","9614895273","USD"
"7879922377","Skiles-Erdman","US","CT","Jones","08 Zena Gateway","57531","fredy_russel@doyle.name","677-738-1828","USD"
"2564536859","Wehner-Marks","US","MA","Hills","41883 Stamm Parks","68209","angela2016@roob.net","453.515.6851","USD"
"2547288338","Sanford, Kirlin and Herman","US","MD","Lake Delaney","585 Hermiston Highway","78414","abe1968@braun.name","548.212.6938","USD"
"0964800659","Schroeder-Kovacek","US","KY","West Nat","90794 Caroline Lights","13457","bo_miller@glover.info","(474) 644-8620","USD"
"2985187001","Crona, Gulgowski and Mante","US","AK","Adams","54 Dallas Field","47268","nelda2092@koch.info","8389343926","USD"
"8283079212","Veum Group","US","PA","Volkman","9860 Evelyn Light","65415","jasmin_heidenreich@johnson.org","201/824-0267","USD"
"8746089063","Johnston, Witting and Cummerata","US","FL","West Maeve","67579 Abby Ports","68376","marjolaine.daniel@klein.info","219.658.9181","USD"
"2668012961","Mitchell Group","US","MN","Fritsch","34608 Clifton Ranch","03252","janice1971@ernser.name","(758) 372-7197","USD"
"4652360754","Kuhn Inc","US","HI","West Vivienne","25 Renner Ranch","33950","leonie1912@waters.com","566/885-4345","USD"
"845121326X","Windler-Stiedemann","US","MT","Adrianna","737 Elta Walk","81521","araceli2092@bruen.org","310.364.6743","USD"
"4601403073","Conn-Weber","US","WA","New Coby","217 Abigale Fords","28737","maribel1906@schmitt.org","6138716700","USD"
"1588908178","Armstrong and Sons","US","AZ","Lake Eliseo","306 Ruecker Plains","79233","dayton1905@gutmann.com","(940) 308-0400","USD"
"9694673054","Windler-Hills","US","NY","Port Don","347 Jenkins Throughway","20695","jennyfer_daniel@smith.info","357/294-6863","USD"
"0642681732","Von-Cremin","US","KS","Sydnie","25 Crona Lock","47825","liliana1933@blick.net","828/584-5513","USD"
"3648719769","Nicolas, Schuster and Davis","US","WI","South Lyric","46825 Donnelly Highway","72733","asa.stokes@ledner.info","2589213893","USD"
"7714668970","Kuhlman, Franecki and Weber","US","PA","Heller","48246 Krajcik Junction","06191","ressie2006@sawayn.name","647/718-7645","USD"
"7737805427","Hagenes-Steuber","US","MT","Breitenberg","9946 Nolan Mountain","60343","tanya_kerluke@roberts.net","(555) 244-8896","USD"
